chunk_size,chunk_overlap,embedding_model,top_k,answer_correctness_mean,answer_correctness_std,answer_relevancy_mean,answer_relevancy_std,faithfulness_mean,faithfulness_std,context_precision_mean,context_precision_std,context_recall_mean,context_recall_std
300,0,text-embedding-3-small,2,0.4516435525492559,0.21770224963153884,0.9601142688938265,0.04033272689778786,0.5166666666666666,0.32015621187164245,0.699999999965,0.4582575694726711,0.9,0.30000000000000004
300,50,text-embedding-3-small,2,0.5055321412249376,0.2459051212657258,0.8784628232292737,0.29349109344726815,0.5616666666666666,0.3460932758022836,0.699999999965,0.4582575694726711,0.7,0.45825756949558405
300,100,text-embedding-3-small,2,0.4102766845185653,0.18937767393636248,0.9833963990861978,0.025447301332521335,0.4416666666666666,0.36142080737002397,0.699999999965,0.4582575694726711,0.7,0.45825756949558405
