chunk_size,chunk_overlap,embedding_model,top_k,answer_correctness_mean,answer_correctness_std,answer_relevancy_mean,answer_relevancy_std,faithfulness_mean,faithfulness_std,context_precision_mean,context_precision_std,context_recall_mean,context_recall_std
300,0,text-embedding-3-small,2,0.3704999491987794,0.18304543452059371,0.9636782551468688,0.03482625381371171,0.6266666666666667,0.20805982045769647,0.94999999994,0.1499999999966667,0.8,0.4
300,50,text-embedding-3-small,2,0.3929922915532288,0.1874775644594706,0.9576866425223912,0.04986400770434336,0.7833333333333333,0.2242270674512285,0.949999999935,0.149999999995,0.9,0.3
300,100,text-embedding-3-small,2,0.3349689222498077,0.15660137587457607,0.9621313546726,0.04851553517422098,0.55,0.3655285366576885,0.79999999996,0.39999999998,1.0,0.0
